0, delete, http://example.com/path/0, 9535692, 9898540, 3252551
1, options, http://example.com/path/1, 8897033, 9804375, 395941
2, options, http://example.com/path/2, 5337043, 2260005, 842313
3, patch, http://example.com/path/3, 8132853, 7666258, 9910770
4, delete, http://example.com/path/4, 378133, 5222186, 9105811
5, patch, http://example.com/path/5, 1360323, 3112101, 9048272
6, delete, http://example.com/path/6, 2136535, 5568095, 54482
7, options, http://example.com/path/7, 7467214, 975971, 2226114
8, delete, http://example.com/path/8, 2905467, 770833, 8057874
9, patch, http://example.com/path/9, 238851, 5478545, 5607066
10, put, http://example.com/path/10, 9076778, 4665787, 7263857
11, post, http://example.com/path/11, 1507115, 6367687, 5434515
12, patch, http://example.com/path/12, 9792578, 2813139, 1366915
13, put, http://example.com/path/13, 4233406, 5557519, 3095773
14, options, http://example.com/path/14, 2736751, 1863217, 1731727
15, patch, http://example.com/path/15, 8041658, 5285743, 8771576
16, options, http://example.com/path/16, 1445653, 8936012, 4972458
17, get, http://example.com/path/17, 9166850, 8559095, 4063326
18, get, http://example.com/path/18, 3651273, 8098577, 5832106
19, patch, http://example.com/path/19, 1587641, 8153482, 1737688
20, put, http://example.com/path/20, 7088977, 6582553, 7658418
21, patch, http://example.com/path/21, 3306597, 9789261, 6348559
22, put, http://example.com/path/22, 9345189, 1677974, 7399252
23, delete, http://example.com/path/23, 6324661, 358716, 1048174
24, post, http://example.com/path/24, 2883890, 2715188, 6568769
25, patch, http://example.com/path/25, 6068790, 2921347, 2092692
26, options, http://example.com/path/26, 1369125, 9034965, 6520404
27, get, http://example.com/path/27, 4759272, 2451869, 8133816
28, post, http://example.com/path/28, 8760948, 3905564, 2989596
29, patch, http://example.com/path/29, 2334656, 2756833, 3735845
30, options, http://example.com/path/30, 2779103, 1993431, 671502
31, put, http://example.com/path/31, 8789307, 756328, 1183487
32, put, http://example.com/path/32, 5821062, 1674201, 3201959
33, delete, http://example.com/path/33, 5129423, 7078325, 7604007
34, get, http://example.com/path/34, 5101761, 4203852, 8349772
35, get, http://example.com/path/35, 9994553, 4433120, 4907141
36, put, http://example.com/path/36, 2999913, 1973602, 6342307
37, put, http://example.com/path/37, 8625471, 6932612, 6357038
38, put, http://example.com/path/38, 5509119, 4510172, 3801357
39, get, http://example.com/path/39, 3775824, 7913901, 1798844
40, post, http://example.com/path/40, 5556984, 6751999, 7927351
41, delete, http://example.com/path/41, 4143386, 2887390, 9569972
42, patch, http://example.com/path/42, 4040004, 4643405, 761159
43, put, http://example.com/path/43, 1362313, 1394631, 4789689
44, patch, http://example.com/path/44, 1436481, 557711, 8029963
45, put, http://example.com/path/45, 2770089, 6831787, 4724844
46, get, http://example.com/path/46, 3437131, 6077442, 9696991
47, get, http://example.com/path/47, 7914832, 4773430, 771154
48, patch, http://example.com/path/48, 207714, 2726450, 3238393
49, post, http://example.com/path/49, 6794167, 6891348, 6564958
50, get, http://example.com/path/50, 3931695, 4048960, 1864609
51, put, http://example.com/path/51, 3803936, 4565425, 2637662
52, post, http://example.com/path/52, 601133, 4158146, 8191058
53, put, http://example.com/path/53, 3615073, 8827367, 2131906
54, delete, http://example.com/path/54, 6177694, 5274485, 9216490
55, get, http://example.com/path/55, 5712914, 1735728, 9220940
56, options, http://example.com/path/56, 8521014, 9292091, 1562334
57, delete, http://example.com/path/57, 8311467, 6692502, 7388422
58, post, http://example.com/path/58, 2119549, 2767150, 6781609
59, options, http://example.com/path/59, 2973051, 2653647, 5461707
60, put, http://example.com/path/60, 689363, 6141785, 2929044
61, options, http://example.com/path/61, 1571726, 5175270, 4214439
62, put, http://example.com/path/62, 190312, 2738626, 7209383
63, options, http://example.com/path/63, 235884, 5032704, 9805296
64, put, http://example.com/path/64, 6256220, 2103667, 8126161
65, post, http://example.com/path/65, 440677, 4488771, 9446388
66, delete, http://example.com/path/66, 6465229, 6363155, 1263791
67, put, http://example.com/path/67, 6224019, 3578001, 5265700
68, options, http://example.com/path/68, 9802820, 5090275, 3739078
69, options, http://example.com/path/69, 6373507, 6371652, 7791543
70, put, http://example.com/path/70, 7649568, 7283066, 3717770
71, put, http://example.com/path/71, 9313135, 7991232, 8886261
72, delete, http://example.com/path/72, 3870743, 5032852, 4972986
73, patch, http://example.com/path/73, 9370847, 3337497, 1795670
74, patch, http://example.com/path/74, 9023564, 7838933, 7328772
75, get, http://example.com/path/75, 8358062, 9538385, 5606737
76, put, http://example.com/path/76, 9053327, 6066988, 5824858
77, post, http://example.com/path/77, 5900942, 1279858, 4829835
78, options, http://example.com/path/78, 7230548, 8899410, 1728655
79, post, http://example.com/path/79, 3690523, 3842843, 7416894
80, get, http://example.com/path/80, 2873651, 4646323, 3166059
81, put, http://example.com/path/81, 898802, 8430254, 85512
82, options, http://example.com/path/82, 9261725, 4683860, 8374343
83, options, http://example.com/path/83, 9522016, 1683204, 7514112
84, get, http://example.com/path/84, 903907, 3856099, 656041
85, get, http://example.com/path/85, 7427824, 3462356, 4935299
86, options, http://example.com/path/86, 625689, 2492145, 4247037
87, put, http://example.com/path/87, 4102449, 9836147, 2195691
88, get, http://example.com/path/88, 1525456, 3878941, 230923
89, delete, http://example.com/path/89, 4592869, 5840935, 2734244
90, put, http://example.com/path/90, 338561, 7473489, 2853246
91, get, http://example.com/path/91, 5729556, 4013165, 1273995
92, delete, http://example.com/path/92, 380112, 6171270, 9710465
93, options, http://example.com/path/93, 408099, 7528251, 5600899
94, options, http://example.com/path/94, 865912, 9231426, 9713170
95, post, http://example.com/path/95, 1080940, 4002449, 2193383
96, get, http://example.com/path/96, 9824873, 8853768, 7271192
97, patch, http://example.com/path/97, 6974424, 5396232, 5736138
98, delete, http://example.com/path/98, 7289216, 2352108, 3915916
99, options, http://example.com/path/99, 7651877, 8471821, 4221826
100, patch, http://example.com/path/100, 9306029, 7215147, 8661583
101, put, http://example.com/path/101, 7915997, 3957464, 3617478
102, options, http://example.com/path/102, 6422023, 1920897, 1812127
103, options, http://example.com/path/103, 7734904, 7607722, 7630470
104, get, http://example.com/path/104, 9083028, 7838732, 8363157
105, options, http://example.com/path/105, 2138086, 3871837, 2263037
106, get, http://example.com/path/106, 6691375, 8003206, 1471892
107, put, http://example.com/path/107, 6428456, 3969029, 4709032
108, put, http://example.com/path/108, 3858588, 5862908, 7446289
109, post, http://example.com/path/109, 5510707, 9413958, 8983942
110, options, http://example.com/path/110, 744234, 5455961, 9180711
111, put, http://example.com/path/111, 5136482, 9648344, 8552087
112, options, http://example.com/path/112, 4436375, 3533816, 8471945
113, delete, http://example.com/path/113, 9266761, 3149125, 2910424
114, delete, http://example.com/path/114, 7216090, 4047758, 7754999
115, delete, http://example.com/path/115, 1911665, 301045, 9532836
116, patch, http://example.com/path/116, 7366925, 8670623, 2623301
117, post, http://example.com/path/117, 806494, 5770451, 8350727
118, options, http://example.com/path/118, 9405893, 9643958, 9174769
119, delete, http://example.com/path/119, 5250094, 9152853, 2101254
120, put, http://example.com/path/120, 3955033, 5717768, 6113267
121, options, http://example.com/path/121, 3684628, 5679676, 2575033
122, get, http://example.com/path/122, 9821824, 379088, 4278466
123, delete, http://example.com/path/123, 8204623, 1704954, 9495443
124, delete, http://example.com/path/124, 414271, 6912803, 149374
125, post, http://example.com/path/125, 3615016, 9909229, 8998024
126, options, http://example.com/path/126, 988231, 4950165, 3283012
127, post, http://example.com/path/127, 2637664, 8240104, 1249147
128, put, http://example.com/path/128, 8298420, 2516771, 8247199
129, patch, http://example.com/path/129, 6721514, 1044450, 4813042
130, delete, http://example.com/path/130, 7826731, 1791484, 4890465
131, delete, http://example.com/path/131, 6940268, 31874, 7974335
132, put, http://example.com/path/132, 1522973, 7214136, 4091599
133, get, http://example.com/path/133, 1892675, 8447125, 2340570
134, get, http://example.com/path/134, 4283950, 4267287, 5087611
135, delete, http://example.com/path/135, 3588891, 7105545, 4568498
136, put, http://example.com/path/136, 7440742, 5822248, 34024
137, delete, http://example.com/path/137, 1711475, 7877443, 2432386
138, put, http://example.com/path/138, 3286056, 178792, 6618943
139, put, http://example.com/path/139, 4963455, 7211700, 8069203
140, put, http://example.com/path/140, 326062, 504609, 1513870
141, post, http://example.com/path/141, 5652948, 2071443, 687687
142, delete, http://example.com/path/142, 775164, 4943659, 8811939
143, delete, http://example.com/path/143, 2984965, 676177, 3129906
144, patch, http://example.com/path/144, 273578, 627077, 914123
145, post, http://example.com/path/145, 9595177, 554237, 7936578
146, get, http://example.com/path/146, 5189009, 409280, 4736358
147, get, http://example.com/path/147, 9123569, 3977756, 8197796
148, delete, http://example.com/path/148, 942176, 1505522, 8563126
149, patch, http://example.com/path/149, 596130, 2394321, 4224122
150, patch, http://example.com/path/150, 5556439, 4135407, 9397539
151, delete, http://example.com/path/151, 8651358, 9756471, 8467434
152, delete, http://example.com/path/152, 9554229, 7633311, 1453970
153, post, http://example.com/path/153, 6152345, 282250, 2885898
154, delete, http://example.com/path/154, 2209560, 8255851, 6702437
155, options, http://example.com/path/155, 5791373, 1327150, 7871458
156, post, http://example.com/path/156, 404558, 1765254, 4272136
157, put, http://example.com/path/157, 9646343, 2696540, 6912386
158, get, http://example.com/path/158, 9851050, 4880994, 9644361
159, post, http://example.com/path/159, 531572, 7087368, 3608802
160, delete, http://example.com/path/160, 5080170, 7634120, 1407498
161, put, http://example.com/path/161, 1578066, 9705875, 8140993
162, post, http://example.com/path/162, 3905712, 6568365, 16754
163, post, http://example.com/path/163, 2256275, 4631607, 5940058
164, delete, http://example.com/path/164, 9068026, 6390134, 1018581
165, options, http://example.com/path/165, 7752873, 8282806, 6479141
166, get, http://example.com/path/166, 2565285, 8484678, 2693922
167, put, http://example.com/path/167, 7164481, 1879380, 7240470
168, get, http://example.com/path/168, 6313271, 6121088, 5288059
169, delete, http://example.com/path/169, 6640075, 6124379, 3231992
170, get, http://example.com/path/170, 3694343, 6033849, 8392681
171, options, http://example.com/path/171, 7345536, 1977402, 9152325
172, get, http://example.com/path/172, 7800074, 6694859, 5770492
173, delete, http://example.com/path/173, 329600, 6483606, 6448173
174, delete, http://example.com/path/174, 6394437, 6854859, 9538943
175, get, http://example.com/path/175, 520168, 8769123, 3550412
176, patch, http://example.com/path/176, 5455841, 3898790, 4735194
177, options, http://example.com/path/177, 7990838, 1642414, 108362
178, get, http://example.com/path/178, 5184159, 2592507, 6326841
179, get, http://example.com/path/179, 2250559, 4370882, 6124101
180, options, http://example.com/path/180, 5223045, 9174054, 5755335
181, delete, http://example.com/path/181, 2029046, 5225890, 6575324
182, post, http://example.com/path/182, 9096098, 8476067, 9828691
183, options, http://example.com/path/183, 1613433, 9469811, 6299250
184, patch, http://example.com/path/184, 2076280, 6112124, 4310849
185, get, http://example.com/path/185, 776812, 9029662, 8129190
186, put, http://example.com/path/186, 4102469, 4310018, 5091554
187, patch, http://example.com/path/187, 6944875, 2745656, 8616517
188, post, http://example.com/path/188, 8084108, 2413998, 2184192
189, get, http://example.com/path/189, 1343651, 9044525, 1773614
190, get, http://example.com/path/190, 6704761, 1075814, 1286967
191, delete, http://example.com/path/191, 159934, 7835305, 9863454
192, put, http://example.com/path/192, 9046890, 1466852, 1929153
193, patch, http://example.com/path/193, 7267809, 9900362, 8080822
194, post, http://example.com/path/194, 4085013, 2804952, 4022222
195, get, http://example.com/path/195, 4506053, 2126614, 2732359
196, delete, http://example.com/path/196, 693335, 3090109, 4735347
197, options, http://example.com/path/197, 1931332, 4845071, 9522974
198, get, http://example.com/path/198, 3570393, 3195856, 8241102
199, put, http://example.com/path/199, 5694818, 1885256, 4123952
